,dateTime,index_1_aqi,index_1_category,index_1_color_red,index_1_color_green,index_1_color_blue,index_2_aqi,index_2_category,index_2_color_red,index_2_color_green,index_2_color_blue,co_concentration_value,co_concentration_units,no2_concentration_value,no2_concentration_units,o3_concentration_value,o3_concentration_units,pm10_concentration_value,pm10_concentration_units,pm25_concentration_value,pm25_concentration_units,so2_concentration_value,so2_concentration_units
0,2024-12-11T18:00:00Z,45,Moderate air quality,1.0,0.8862745,,,Acceptable air quality,1.0,1.0,,505.34,PARTS_PER_BILLION,28.89,PARTS_PER_BILLION,26.44,PARTS_PER_BILLION,55.1,MICROGRAMS_PER_CUBIC_METER,39.98,MICROGRAMS_PER_CUBIC_METER,0.46,PARTS_PER_BILLION
1,2024-12-11T17:00:00Z,45,Moderate air quality,1.0,0.8862745,,,Acceptable air quality,1.0,1.0,,1776.14,PARTS_PER_BILLION,39.96,PARTS_PER_BILLION,19.88,PARTS_PER_BILLION,58.6,MICROGRAMS_PER_CUBIC_METER,39.03,MICROGRAMS_PER_CUBIC_METER,1.14,PARTS_PER_BILLION
2,2024-12-11T16:00:00Z,64,Good air quality,0.65882355,0.8666667,0.13725491,,Good air quality,,0.89411765,,1995.26,PARTS_PER_BILLION,46.8,PARTS_PER_BILLION,10.87,PARTS_PER_BILLION,38.74,MICROGRAMS_PER_CUBIC_METER,17.31,MICROGRAMS_PER_CUBIC_METER,1.5,PARTS_PER_BILLION
3,2024-12-11T15:00:00Z,58,Moderate air quality,0.8039216,0.92156863,0.078431375,,Good air quality,,0.89411765,,2201.52,PARTS_PER_BILLION,40.43,PARTS_PER_BILLION,8.11,PARTS_PER_BILLION,49.35,MICROGRAMS_PER_CUBIC_METER,25.09,MICROGRAMS_PER_CUBIC_METER,1.51,PARTS_PER_BILLION
4,2024-12-11T14:00:00Z,56,Moderate air quality,0.85490197,0.9411765,0.05882353,,Good air quality,,0.89411765,,2582.36,PARTS_PER_BILLION,63.16,PARTS_PER_BILLION,8.61,PARTS_PER_BILLION,41.23,MICROGRAMS_PER_CUBIC_METER,17.88,MICROGRAMS_PER_CUBIC_METER,1.0,PARTS_PER_BILLION
5,2024-12-11T13:00:00Z,63,Good air quality,0.6862745,0.8745098,0.12941177,,Good air quality,,0.89411765,,1361.57,PARTS_PER_BILLION,21.54,PARTS_PER_BILLION,8.58,PARTS_PER_BILLION,40.73,MICROGRAMS_PER_CUBIC_METER,18.13,MICROGRAMS_PER_CUBIC_METER,1.0,PARTS_PER_BILLION
6,2024-12-11T12:00:00Z,60,Good air quality,0.75686276,0.90588236,0.09803922,,Good air quality,,0.89411765,,1310.11,PARTS_PER_BILLION,18.61,PARTS_PER_BILLION,9.73,PARTS_PER_BILLION,44.22,MICROGRAMS_PER_CUBIC_METER,18.27,MICROGRAMS_PER_CUBIC_METER,0.92,PARTS_PER_BILLION
7,2024-12-11T11:00:00Z,61,Good air quality,0.73333335,0.89411765,0.10980392,,Good air quality,,0.89411765,,1169.42,PARTS_PER_BILLION,18.4,PARTS_PER_BILLION,8.39,PARTS_PER_BILLION,43.83,MICROGRAMS_PER_CUBIC_METER,18.14,MICROGRAMS_PER_CUBIC_METER,0.92,PARTS_PER_BILLION
8,2024-12-11T10:00:00Z,59,Moderate air quality,0.78039217,0.9137255,0.08627451,,Acceptable air quality,1.0,1.0,,1040.14,PARTS_PER_BILLION,55.13,PARTS_PER_BILLION,2.16,PARTS_PER_BILLION,24.86,MICROGRAMS_PER_CUBIC_METER,12.22,MICROGRAMS_PER_CUBIC_METER,1.23,PARTS_PER_BILLION
9,2024-12-11T09:00:00Z,44,Moderate air quality,1.0,0.8627451,,,Poor air quality,1.0,0.49411765,,996.46,PARTS_PER_BILLION,52.24,PARTS_PER_BILLION,4.47,PARTS_PER_BILLION,80.61,MICROGRAMS_PER_CUBIC_METER,29.42,MICROGRAMS_PER_CUBIC_METER,1.23,PARTS_PER_BILLION
10,2024-12-11T08:00:00Z,43,Moderate air quality,1.0,0.8392157,,,Acceptable air quality,1.0,1.0,,996.46,PARTS_PER_BILLION,53.04,PARTS_PER_BILLION,4.47,PARTS_PER_BILLION,81.51,MICROGRAMS_PER_CUBIC_METER,31.09,MICROGRAMS_PER_CUBIC_METER,1.23,PARTS_PER_BILLION
11,2024-12-11T07:00:00Z,42,Moderate air quality,1.0,0.81960785,,,Acceptable air quality,1.0,1.0,,938.67,PARTS_PER_BILLION,58.61,PARTS_PER_BILLION,7.29,PARTS_PER_BILLION,83.51,MICROGRAMS_PER_CUBIC_METER,30.89,MICROGRAMS_PER_CUBIC_METER,1.23,PARTS_PER_BILLION
12,2024-12-11T06:00:00Z,53,Moderate air quality,0.9254902,0.96862745,0.02745098,,Acceptable air quality,1.0,1.0,,1314.87,PARTS_PER_BILLION,69.14,PARTS_PER_BILLION,2.7,PARTS_PER_BILLION,49.88,MICROGRAMS_PER_CUBIC_METER,19.14,MICROGRAMS_PER_CUBIC_METER,2.31,PARTS_PER_BILLION
13,2024-12-11T05:00:00Z,53,Moderate air quality,0.9254902,0.96862745,0.02745098,,Acceptable air quality,1.0,1.0,,1328.51,PARTS_PER_BILLION,69.62,PARTS_PER_BILLION,3.06,PARTS_PER_BILLION,48.07,MICROGRAMS_PER_CUBIC_METER,19.95,MICROGRAMS_PER_CUBIC_METER,2.32,PARTS_PER_BILLION
14,2024-12-11T04:00:00Z,51,Moderate air quality,0.972549,0.9882353,0.007843138,,Acceptable air quality,1.0,1.0,,867.63,PARTS_PER_BILLION,66.41,PARTS_PER_BILLION,29.92,PARTS_PER_BILLION,64.12,MICROGRAMS_PER_CUBIC_METER,33.45,MICROGRAMS_PER_CUBIC_METER,2.32,PARTS_PER_BILLION
15,2024-12-11T03:00:00Z,42,Moderate air quality,1.0,0.81960785,,,Acceptable air quality,1.0,1.0,,702.72,PARTS_PER_BILLION,40.04,PARTS_PER_BILLION,73.0,PARTS_PER_BILLION,63.92,MICROGRAMS_PER_CUBIC_METER,34.0,MICROGRAMS_PER_CUBIC_METER,2.32,PARTS_PER_BILLION
16,2024-12-11T02:00:00Z,52,Moderate air quality,0.9490196,0.98039216,0.019607844,,Acceptable air quality,1.0,1.0,,771.59,PARTS_PER_BILLION,55.59,PARTS_PER_BILLION,29.82,PARTS_PER_BILLION,62.62,MICROGRAMS_PER_CUBIC_METER,32.86,MICROGRAMS_PER_CUBIC_METER,2.32,PARTS_PER_BILLION
17,2024-12-11T01:00:00Z,44,Moderate air quality,1.0,0.8627451,,,Poor air quality,1.0,0.49411765,,702.72,PARTS_PER_BILLION,46.79,PARTS_PER_BILLION,70.46,PARTS_PER_BILLION,63.02,MICROGRAMS_PER_CUBIC_METER,29.22,MICROGRAMS_PER_CUBIC_METER,2.32,PARTS_PER_BILLION
18,2024-12-11T00:00:00Z,43,Moderate air quality,1.0,0.8392157,,,Poor air quality,1.0,0.49411765,,1035.79,PARTS_PER_BILLION,66.79,PARTS_PER_BILLION,67.52,PARTS_PER_BILLION,78.07,MICROGRAMS_PER_CUBIC_METER,41.44,MICROGRAMS_PER_CUBIC_METER,2.72,PARTS_PER_BILLION
19,2024-12-10T23:00:00Z,35,Low air quality,1.0,0.65882355,,,Poor air quality,1.0,0.49411765,,851.75,PARTS_PER_BILLION,51.49,PARTS_PER_BILLION,74.89,PARTS_PER_BILLION,102.89,MICROGRAMS_PER_CUBIC_METER,59.41,MICROGRAMS_PER_CUBIC_METER,4.71,PARTS_PER_BILLION
20,2024-12-10T22:00:00Z,34,Low air quality,1.0,0.6392157,,,Poor air quality,1.0,0.49411765,,827.01,PARTS_PER_BILLION,39.28,PARTS_PER_BILLION,73.67,PARTS_PER_BILLION,113.7,MICROGRAMS_PER_CUBIC_METER,62.69,MICROGRAMS_PER_CUBIC_METER,5.6,PARTS_PER_BILLION
21,2024-12-10T21:00:00Z,34,Low air quality,1.0,0.6392157,,,Poor air quality,1.0,0.49411765,,828.34,PARTS_PER_BILLION,50.76,PARTS_PER_BILLION,68.85,PARTS_PER_BILLION,113.7,MICROGRAMS_PER_CUBIC_METER,62.91,MICROGRAMS_PER_CUBIC_METER,5.6,PARTS_PER_BILLION
22,2024-12-10T20:00:00Z,35,Low air quality,1.0,0.65882355,,,Poor air quality,1.0,0.49411765,,1110.03,PARTS_PER_BILLION,97.9,PARTS_PER_BILLION,56.66,PARTS_PER_BILLION,113.92,MICROGRAMS_PER_CUBIC_METER,55.82,MICROGRAMS_PER_CUBIC_METER,4.01,PARTS_PER_BILLION
23,2024-12-10T19:00:00Z,35,Low air quality,1.0,0.65882355,,,Poor air quality,1.0,0.49411765,,1796.67,PARTS_PER_BILLION,88.8,PARTS_PER_BILLION,16.68,PARTS_PER_BILLION,115.51,MICROGRAMS_PER_CUBIC_METER,55.08,MICROGRAMS_PER_CUBIC_METER,4.3,PARTS_PER_BILLION
24,2024-12-10T18:00:00Z,35,Low air quality,1.0,0.65882355,,,Poor air quality,1.0,0.49411765,,1952.99,PARTS_PER_BILLION,65.82,PARTS_PER_BILLION,8.54,PARTS_PER_BILLION,116.68,MICROGRAMS_PER_CUBIC_METER,52.84,MICROGRAMS_PER_CUBIC_METER,4.84,PARTS_PER_BILLION
25,2024-12-10T17:00:00Z,34,Low air quality,1.0,0.6392157,,,Poor air quality,1.0,0.49411765,,2107.09,PARTS_PER_BILLION,68.32,PARTS_PER_BILLION,4.14,PARTS_PER_BILLION,118.68,MICROGRAMS_PER_CUBIC_METER,55.01,MICROGRAMS_PER_CUBIC_METER,4.84,PARTS_PER_BILLION
26,2024-12-10T16:00:00Z,38,Low air quality,1.0,0.7294118,,,Poor air quality,1.0,0.49411765,,1638.91,PARTS_PER_BILLION,62.15,PARTS_PER_BILLION,3.46,PARTS_PER_BILLION,99.52,MICROGRAMS_PER_CUBIC_METER,51.46,MICROGRAMS_PER_CUBIC_METER,2.71,PARTS_PER_BILLION
27,2024-12-10T15:00:00Z,39,Low air quality,1.0,0.7490196,,,Poor air quality,1.0,0.49411765,,1543.47,PARTS_PER_BILLION,63.12,PARTS_PER_BILLION,3.16,PARTS_PER_BILLION,92.86,MICROGRAMS_PER_CUBIC_METER,46.79,MICROGRAMS_PER_CUBIC_METER,1.93,PARTS_PER_BILLION
28,2024-12-10T14:00:00Z,46,Moderate air quality,1.0,0.9098039,,,Acceptable air quality,1.0,1.0,,1373.39,PARTS_PER_BILLION,59.4,PARTS_PER_BILLION,4.01,PARTS_PER_BILLION,75.84,MICROGRAMS_PER_CUBIC_METER,33.98,MICROGRAMS_PER_CUBIC_METER,1.92,PARTS_PER_BILLION
29,2024-12-10T13:00:00Z,38,Low air quality,1.0,0.7294118,,,Acceptable air quality,1.0,1.0,,1111.38,PARTS_PER_BILLION,44.46,PARTS_PER_BILLION,2.72,PARTS_PER_BILLION,82.88,MICROGRAMS_PER_CUBIC_METER,50.09,MICROGRAMS_PER_CUBIC_METER,2.43,PARTS_PER_BILLION
30,2024-12-10T12:00:00Z,38,Low air quality,1.0,0.7294118,,,Acceptable air quality,1.0,1.0,,1092.38,PARTS_PER_BILLION,54.33,PARTS_PER_BILLION,2.71,PARTS_PER_BILLION,82.78,MICROGRAMS_PER_CUBIC_METER,49.99,MICROGRAMS_PER_CUBIC_METER,2.43,PARTS_PER_BILLION
31,2024-12-10T11:00:00Z,54,Moderate air quality,0.9019608,0.9607843,0.039215688,,Acceptable air quality,1.0,1.0,,1033.95,PARTS_PER_BILLION,40.25,PARTS_PER_BILLION,1.3,PARTS_PER_BILLION,56.53,MICROGRAMS_PER_CUBIC_METER,30.69,MICROGRAMS_PER_CUBIC_METER,3.61,PARTS_PER_BILLION
32,2024-12-10T10:00:00Z,58,Moderate air quality,0.8039216,0.92156863,0.078431375,,Acceptable air quality,1.0,1.0,,887.26,PARTS_PER_BILLION,41.12,PARTS_PER_BILLION,1.9,PARTS_PER_BILLION,38.07,MICROGRAMS_PER_CUBIC_METER,26.34,MICROGRAMS_PER_CUBIC_METER,3.69,PARTS_PER_BILLION
33,2024-12-10T09:00:00Z,56,Moderate air quality,0.85490197,0.9411765,0.05882353,,Acceptable air quality,1.0,1.0,,2863.63,PARTS_PER_BILLION,12.9,PARTS_PER_BILLION,36.6,PARTS_PER_BILLION,40.05,MICROGRAMS_PER_CUBIC_METER,28.83,MICROGRAMS_PER_CUBIC_METER,3.62,PARTS_PER_BILLION
34,2024-12-10T08:00:00Z,56,Moderate air quality,0.85490197,0.9411765,0.05882353,,Acceptable air quality,1.0,1.0,,2863.63,PARTS_PER_BILLION,47.9,PARTS_PER_BILLION,7.44,PARTS_PER_BILLION,43.21,MICROGRAMS_PER_CUBIC_METER,28.52,MICROGRAMS_PER_CUBIC_METER,3.62,PARTS_PER_BILLION
35,2024-12-10T07:00:00Z,51,Moderate air quality,0.972549,0.9882353,0.007843138,,Acceptable air quality,1.0,1.0,,2863.63,PARTS_PER_BILLION,50.84,PARTS_PER_BILLION,8.52,PARTS_PER_BILLION,48.7,MICROGRAMS_PER_CUBIC_METER,33.22,MICROGRAMS_PER_CUBIC_METER,3.62,PARTS_PER_BILLION
36,2024-12-10T06:00:00Z,47,Moderate air quality,1.0,0.92941177,,,Acceptable air quality,1.0,1.0,,2863.63,PARTS_PER_BILLION,59.28,PARTS_PER_BILLION,23.89,PARTS_PER_BILLION,70.43,MICROGRAMS_PER_CUBIC_METER,37.24,MICROGRAMS_PER_CUBIC_METER,3.62,PARTS_PER_BILLION
37,2024-12-10T05:00:00Z,48,Moderate air quality,1.0,0.9529412,,,Acceptable air quality,1.0,1.0,,2863.63,PARTS_PER_BILLION,57.78,PARTS_PER_BILLION,23.89,PARTS_PER_BILLION,69.83,MICROGRAMS_PER_CUBIC_METER,36.76,MICROGRAMS_PER_CUBIC_METER,3.62,PARTS_PER_BILLION
38,2024-12-10T04:00:00Z,38,Low air quality,1.0,0.7294118,,,Acceptable air quality,1.0,1.0,,2863.63,PARTS_PER_BILLION,125.94,PARTS_PER_BILLION,23.89,PARTS_PER_BILLION,68.43,MICROGRAMS_PER_CUBIC_METER,36.38,MICROGRAMS_PER_CUBIC_METER,3.62,PARTS_PER_BILLION
39,2024-12-10T03:00:00Z,39,Low air quality,1.0,0.7490196,,,Acceptable air quality,1.0,1.0,,852.59,PARTS_PER_BILLION,54.61,PARTS_PER_BILLION,77.6,PARTS_PER_BILLION,70.69,MICROGRAMS_PER_CUBIC_METER,40.06,MICROGRAMS_PER_CUBIC_METER,2.23,PARTS_PER_BILLION
40,2024-12-10T02:00:00Z,39,Low air quality,1.0,0.7490196,,,Acceptable air quality,1.0,1.0,,852.59,PARTS_PER_BILLION,60.91,PARTS_PER_BILLION,77.6,PARTS_PER_BILLION,68.39,MICROGRAMS_PER_CUBIC_METER,39.2,MICROGRAMS_PER_CUBIC_METER,2.23,PARTS_PER_BILLION
41,2024-12-10T01:00:00Z,37,Low air quality,1.0,0.7058824,,,Acceptable air quality,1.0,1.0,,754.84,PARTS_PER_BILLION,47.73,PARTS_PER_BILLION,80.7,PARTS_PER_BILLION,64.23,MICROGRAMS_PER_CUBIC_METER,32.75,MICROGRAMS_PER_CUBIC_METER,2.23,PARTS_PER_BILLION
42,2024-12-10T00:00:00Z,38,Low air quality,1.0,0.7294118,,,Acceptable air quality,1.0,1.0,,450.48,PARTS_PER_BILLION,22.04,PARTS_PER_BILLION,78.79,PARTS_PER_BILLION,30.08,MICROGRAMS_PER_CUBIC_METER,28.09,MICROGRAMS_PER_CUBIC_METER,4.23,PARTS_PER_BILLION
43,2024-12-09T23:00:00Z,38,Low air quality,1.0,0.7294118,,,Poor air quality,1.0,0.49411765,,450.48,PARTS_PER_BILLION,14.2,PARTS_PER_BILLION,42.49,PARTS_PER_BILLION,97.2,MICROGRAMS_PER_CUBIC_METER,45.77,MICROGRAMS_PER_CUBIC_METER,4.23,PARTS_PER_BILLION
44,2024-12-09T22:00:00Z,38,Low air quality,1.0,0.7294118,,,Poor air quality,1.0,0.49411765,,451.04,PARTS_PER_BILLION,11.44,PARTS_PER_BILLION,42.47,PARTS_PER_BILLION,97.1,MICROGRAMS_PER_CUBIC_METER,45.28,MICROGRAMS_PER_CUBIC_METER,4.23,PARTS_PER_BILLION
45,2024-12-09T21:00:00Z,38,Low air quality,1.0,0.7294118,,,Poor air quality,1.0,0.49411765,,379.55,PARTS_PER_BILLION,50.85,PARTS_PER_BILLION,49.05,PARTS_PER_BILLION,97.1,MICROGRAMS_PER_CUBIC_METER,45.38,MICROGRAMS_PER_CUBIC_METER,4.23,PARTS_PER_BILLION
46,2024-12-09T20:00:00Z,38,Low air quality,1.0,0.7294118,,,Poor air quality,1.0,0.49411765,,450.4,PARTS_PER_BILLION,50.91,PARTS_PER_BILLION,42.51,PARTS_PER_BILLION,97.2,MICROGRAMS_PER_CUBIC_METER,44.6,MICROGRAMS_PER_CUBIC_METER,4.23,PARTS_PER_BILLION
47,2024-12-09T19:00:00Z,38,Low air quality,1.0,0.7294118,,,Poor air quality,1.0,0.49411765,,1293.42,PARTS_PER_BILLION,68.69,PARTS_PER_BILLION,28.43,PARTS_PER_BILLION,98.87,MICROGRAMS_PER_CUBIC_METER,34.5,MICROGRAMS_PER_CUBIC_METER,5.05,PARTS_PER_BILLION
48,2024-12-09T18:00:00Z,37,Low air quality,1.0,0.7058824,,,Poor air quality,1.0,0.49411765,,1648.26,PARTS_PER_BILLION,55.53,PARTS_PER_BILLION,21.4,PARTS_PER_BILLION,105.96,MICROGRAMS_PER_CUBIC_METER,36.3,MICROGRAMS_PER_CUBIC_METER,4.84,PARTS_PER_BILLION
49,2024-12-09T17:00:00Z,43,Moderate air quality,1.0,0.8392157,,,Acceptable air quality,1.0,1.0,,1766.81,PARTS_PER_BILLION,49.12,PARTS_PER_BILLION,11.79,PARTS_PER_BILLION,81.14,MICROGRAMS_PER_CUBIC_METER,31.31,MICROGRAMS_PER_CUBIC_METER,3.95,PARTS_PER_BILLION
50,2024-12-09T16:00:00Z,52,Moderate air quality,0.9490196,0.98039216,0.019607844,,Acceptable air quality,1.0,1.0,,567.96,PARTS_PER_BILLION,35.51,PARTS_PER_BILLION,49.14,PARTS_PER_BILLION,39.72,MICROGRAMS_PER_CUBIC_METER,32.0,MICROGRAMS_PER_CUBIC_METER,16.34,PARTS_PER_BILLION
51,2024-12-09T15:00:00Z,55,Moderate air quality,0.8784314,0.9529412,0.047058824,,Good air quality,,0.89411765,,646.89,PARTS_PER_BILLION,43.64,PARTS_PER_BILLION,34.63,PARTS_PER_BILLION,54.92,MICROGRAMS_PER_CUBIC_METER,27.11,MICROGRAMS_PER_CUBIC_METER,19.11,PARTS_PER_BILLION
52,2024-12-09T14:00:00Z,64,Good air quality,0.65882355,0.8666667,0.13725491,,Good air quality,,0.89411765,,682.26,PARTS_PER_BILLION,39.91,PARTS_PER_BILLION,23.84,PARTS_PER_BILLION,33.44,MICROGRAMS_PER_CUBIC_METER,22.55,MICROGRAMS_PER_CUBIC_METER,16.97,PARTS_PER_BILLION
53,2024-12-09T13:00:00Z,55,Moderate air quality,0.8784314,0.9529412,0.047058824,,Acceptable air quality,1.0,1.0,,725.94,PARTS_PER_BILLION,42.14,PARTS_PER_BILLION,13.0,PARTS_PER_BILLION,54.33,MICROGRAMS_PER_CUBIC_METER,20.56,MICROGRAMS_PER_CUBIC_METER,14.82,PARTS_PER_BILLION
54,2024-12-09T12:00:00Z,57,Moderate air quality,0.827451,0.93333334,0.06666667,,Acceptable air quality,1.0,1.0,,765.43,PARTS_PER_BILLION,42.96,PARTS_PER_BILLION,1.94,PARTS_PER_BILLION,49.88,MICROGRAMS_PER_CUBIC_METER,19.34,MICROGRAMS_PER_CUBIC_METER,12.66,PARTS_PER_BILLION
55,2024-12-09T11:00:00Z,57,Moderate air quality,0.827451,0.93333334,0.06666667,,Acceptable air quality,1.0,1.0,,756.83,PARTS_PER_BILLION,45.0,PARTS_PER_BILLION,1.83,PARTS_PER_BILLION,51.2,MICROGRAMS_PER_CUBIC_METER,19.43,MICROGRAMS_PER_CUBIC_METER,14.06,PARTS_PER_BILLION
56,2024-12-09T10:00:00Z,55,Moderate air quality,0.8784314,0.9529412,0.047058824,,Acceptable air quality,1.0,1.0,,747.18,PARTS_PER_BILLION,47.34,PARTS_PER_BILLION,1.81,PARTS_PER_BILLION,54.67,MICROGRAMS_PER_CUBIC_METER,20.7,MICROGRAMS_PER_CUBIC_METER,15.45,PARTS_PER_BILLION
57,2024-12-09T09:00:00Z,53,Moderate air quality,0.9254902,0.96862745,0.02745098,,Acceptable air quality,1.0,1.0,,735.92,PARTS_PER_BILLION,49.66,PARTS_PER_BILLION,1.53,PARTS_PER_BILLION,59.8,MICROGRAMS_PER_CUBIC_METER,21.28,MICROGRAMS_PER_CUBIC_METER,16.84,PARTS_PER_BILLION
58,2024-12-09T08:00:00Z,51,Moderate air quality,0.972549,0.9882353,0.007843138,,Acceptable air quality,1.0,1.0,,739.51,PARTS_PER_BILLION,52.52,PARTS_PER_BILLION,1.73,PARTS_PER_BILLION,65.21,MICROGRAMS_PER_CUBIC_METER,22.75,MICROGRAMS_PER_CUBIC_METER,18.63,PARTS_PER_BILLION
59,2024-12-09T07:00:00Z,50,Moderate air quality,1.0,1.0,,,Acceptable air quality,1.0,1.0,,748.06,PARTS_PER_BILLION,55.06,PARTS_PER_BILLION,1.93,PARTS_PER_BILLION,67.19,MICROGRAMS_PER_CUBIC_METER,23.76,MICROGRAMS_PER_CUBIC_METER,20.42,PARTS_PER_BILLION
60,2024-12-09T06:00:00Z,49,Moderate air quality,1.0,0.9764706,,,Acceptable air quality,1.0,1.0,,759.99,PARTS_PER_BILLION,65.81,PARTS_PER_BILLION,2.13,PARTS_PER_BILLION,67.89,MICROGRAMS_PER_CUBIC_METER,24.6,MICROGRAMS_PER_CUBIC_METER,2.44,PARTS_PER_BILLION
61,2024-12-09T05:00:00Z,51,Moderate air quality,0.972549,0.9882353,0.007843138,,Acceptable air quality,1.0,1.0,,676.23,PARTS_PER_BILLION,62.27,PARTS_PER_BILLION,8.27,PARTS_PER_BILLION,63.28,MICROGRAMS_PER_CUBIC_METER,26.46,MICROGRAMS_PER_CUBIC_METER,2.44,PARTS_PER_BILLION
62,2024-12-09T04:00:00Z,54,Moderate air quality,0.9019608,0.9607843,0.039215688,,Acceptable air quality,1.0,1.0,,582.99,PARTS_PER_BILLION,59.02,PARTS_PER_BILLION,14.43,PARTS_PER_BILLION,56.99,MICROGRAMS_PER_CUBIC_METER,24.52,MICROGRAMS_PER_CUBIC_METER,2.44,PARTS_PER_BILLION
63,2024-12-09T03:00:00Z,58,Moderate air quality,0.8039216,0.92156863,0.078431375,,Good air quality,,0.89411765,,279.03,PARTS_PER_BILLION,55.34,PARTS_PER_BILLION,20.81,PARTS_PER_BILLION,47.9,MICROGRAMS_PER_CUBIC_METER,23.6,MICROGRAMS_PER_CUBIC_METER,2.44,PARTS_PER_BILLION
64,2024-12-09T02:00:00Z,59,Moderate air quality,0.78039217,0.9137255,0.08627451,,Good air quality,,0.89411765,,356.73,PARTS_PER_BILLION,54.31,PARTS_PER_BILLION,16.06,PARTS_PER_BILLION,40.96,MICROGRAMS_PER_CUBIC_METER,19.43,MICROGRAMS_PER_CUBIC_METER,2.44,PARTS_PER_BILLION
65,2024-12-09T01:00:00Z,58,Moderate air quality,0.8039216,0.92156863,0.078431375,,Acceptable air quality,1.0,1.0,,348.69,PARTS_PER_BILLION,44.99,PARTS_PER_BILLION,45.11,PARTS_PER_BILLION,48.98,MICROGRAMS_PER_CUBIC_METER,19.11,MICROGRAMS_PER_CUBIC_METER,2.44,PARTS_PER_BILLION
66,2024-12-09T00:00:00Z,58,Moderate air quality,0.8039216,0.92156863,0.078431375,,Acceptable air quality,1.0,1.0,,243.75,PARTS_PER_BILLION,21.87,PARTS_PER_BILLION,52.72,PARTS_PER_BILLION,43.48,MICROGRAMS_PER_CUBIC_METER,18.27,MICROGRAMS_PER_CUBIC_METER,2.44,PARTS_PER_BILLION
67,2024-12-08T23:00:00Z,56,Moderate air quality,0.85490197,0.9411765,0.05882353,,Acceptable air quality,1.0,1.0,,228.74,PARTS_PER_BILLION,20.74,PARTS_PER_BILLION,54.8,PARTS_PER_BILLION,42.28,MICROGRAMS_PER_CUBIC_METER,17.98,MICROGRAMS_PER_CUBIC_METER,2.44,PARTS_PER_BILLION
68,2024-12-08T22:00:00Z,47,Moderate air quality,1.0,0.92941177,,,Acceptable air quality,1.0,1.0,,240.9,PARTS_PER_BILLION,27.13,PARTS_PER_BILLION,53.64,PARTS_PER_BILLION,72.3,MICROGRAMS_PER_CUBIC_METER,34.44,MICROGRAMS_PER_CUBIC_METER,3.93,PARTS_PER_BILLION
69,2024-12-08T21:00:00Z,43,Moderate air quality,1.0,0.8392157,,,Acceptable air quality,1.0,1.0,,417.02,PARTS_PER_BILLION,39.1,PARTS_PER_BILLION,41.86,PARTS_PER_BILLION,82.45,MICROGRAMS_PER_CUBIC_METER,41.21,MICROGRAMS_PER_CUBIC_METER,7.82,PARTS_PER_BILLION
70,2024-12-08T20:00:00Z,46,Moderate air quality,1.0,0.9098039,,,Acceptable air quality,1.0,1.0,,209.93,PARTS_PER_BILLION,10.54,PARTS_PER_BILLION,68.12,PARTS_PER_BILLION,25.49,MICROGRAMS_PER_CUBIC_METER,25.49,MICROGRAMS_PER_CUBIC_METER,5.63,PARTS_PER_BILLION
71,2024-12-08T19:00:00Z,48,Moderate air quality,1.0,0.9529412,,,Acceptable air quality,1.0,1.0,,220.88,PARTS_PER_BILLION,12.61,PARTS_PER_BILLION,64.79,PARTS_PER_BILLION,28.56,MICROGRAMS_PER_CUBIC_METER,28.56,MICROGRAMS_PER_CUBIC_METER,6.23,PARTS_PER_BILLION
72,2024-12-08T18:00:00Z,51,Moderate air quality,0.972549,0.9882353,0.007843138,,Acceptable air quality,1.0,1.0,,231.83,PARTS_PER_BILLION,14.59,PARTS_PER_BILLION,61.46,PARTS_PER_BILLION,30.9,MICROGRAMS_PER_CUBIC_METER,30.9,MICROGRAMS_PER_CUBIC_METER,6.83,PARTS_PER_BILLION
73,2024-12-08T17:00:00Z,49,Moderate air quality,1.0,0.9764706,,,Acceptable air quality,1.0,1.0,,355.71,PARTS_PER_BILLION,21.86,PARTS_PER_BILLION,50.3,PARTS_PER_BILLION,35.27,MICROGRAMS_PER_CUBIC_METER,35.27,MICROGRAMS_PER_CUBIC_METER,8.85,PARTS_PER_BILLION
74,2024-12-08T16:00:00Z,57,Moderate air quality,0.827451,0.93333334,0.06666667,,Good air quality,,0.89411765,,481.45,PARTS_PER_BILLION,28.73,PARTS_PER_BILLION,39.34,PARTS_PER_BILLION,30.86,MICROGRAMS_PER_CUBIC_METER,27.48,MICROGRAMS_PER_CUBIC_METER,10.87,PARTS_PER_BILLION
75,2024-12-08T15:00:00Z,58,Moderate air quality,0.8039216,0.92156863,0.078431375,,Good air quality,,0.89411765,,606.71,PARTS_PER_BILLION,36.79,PARTS_PER_BILLION,27.37,PARTS_PER_BILLION,49.1,MICROGRAMS_PER_CUBIC_METER,24.87,MICROGRAMS_PER_CUBIC_METER,12.87,PARTS_PER_BILLION
76,2024-12-08T14:00:00Z,59,Moderate air quality,0.78039217,0.9137255,0.08627451,,Good air quality,,0.89411765,,557.18,PARTS_PER_BILLION,36.88,PARTS_PER_BILLION,21.45,PARTS_PER_BILLION,45.51,MICROGRAMS_PER_CUBIC_METER,20.51,MICROGRAMS_PER_CUBIC_METER,11.84,PARTS_PER_BILLION
77,2024-12-08T13:00:00Z,67,Good air quality,0.5882353,0.8392157,0.16862746,,Good air quality,,0.89411765,,506.52,PARTS_PER_BILLION,37.08,PARTS_PER_BILLION,15.31,PARTS_PER_BILLION,36.23,MICROGRAMS_PER_CUBIC_METER,19.61,MICROGRAMS_PER_CUBIC_METER,10.78,PARTS_PER_BILLION
78,2024-12-08T12:00:00Z,68,Good air quality,0.5647059,0.827451,0.1764706,,Good air quality,,0.89411765,,457.91,PARTS_PER_BILLION,35.66,PARTS_PER_BILLION,13.05,PARTS_PER_BILLION,35.19,MICROGRAMS_PER_CUBIC_METER,18.78,MICROGRAMS_PER_CUBIC_METER,9.16,PARTS_PER_BILLION
79,2024-12-08T11:00:00Z,67,Good air quality,0.5882353,0.8392157,0.16862746,,Good air quality,,0.89411765,,617.16,PARTS_PER_BILLION,31.58,PARTS_PER_BILLION,1.95,PARTS_PER_BILLION,37.03,MICROGRAMS_PER_CUBIC_METER,19.08,MICROGRAMS_PER_CUBIC_METER,0.98,PARTS_PER_BILLION
80,2024-12-08T10:00:00Z,63,Good air quality,0.6862745,0.8745098,0.12941177,,Good air quality,,0.89411765,,651.93,PARTS_PER_BILLION,15.67,PARTS_PER_BILLION,23.33,PARTS_PER_BILLION,41.47,MICROGRAMS_PER_CUBIC_METER,19.32,MICROGRAMS_PER_CUBIC_METER,0.77,PARTS_PER_BILLION
81,2024-12-08T09:00:00Z,60,Good air quality,0.75686276,0.90588236,0.09803922,,Good air quality,,0.89411765,,424.7,PARTS_PER_BILLION,35.75,PARTS_PER_BILLION,12.89,PARTS_PER_BILLION,44.29,MICROGRAMS_PER_CUBIC_METER,19.82,MICROGRAMS_PER_CUBIC_METER,0.77,PARTS_PER_BILLION
82,2024-12-08T08:00:00Z,58,Moderate air quality,0.8039216,0.92156863,0.078431375,,Good air quality,,0.89411765,,424.58,PARTS_PER_BILLION,37.5,PARTS_PER_BILLION,11.99,PARTS_PER_BILLION,47.58,MICROGRAMS_PER_CUBIC_METER,20.84,MICROGRAMS_PER_CUBIC_METER,0.77,PARTS_PER_BILLION
83,2024-12-08T07:00:00Z,57,Moderate air quality,0.827451,0.93333334,0.06666667,,Good air quality,,0.89411765,,424.58,PARTS_PER_BILLION,39.13,PARTS_PER_BILLION,11.09,PARTS_PER_BILLION,51.63,MICROGRAMS_PER_CUBIC_METER,21.4,MICROGRAMS_PER_CUBIC_METER,0.77,PARTS_PER_BILLION
84,2024-12-08T06:00:00Z,61,Good air quality,0.73333335,0.89411765,0.10980392,,Good air quality,,0.89411765,,424.58,PARTS_PER_BILLION,46.56,PARTS_PER_BILLION,19.63,PARTS_PER_BILLION,43.61,MICROGRAMS_PER_CUBIC_METER,19.54,MICROGRAMS_PER_CUBIC_METER,0.77,PARTS_PER_BILLION
85,2024-12-08T05:00:00Z,62,Good air quality,0.70980394,0.8862745,0.11764706,,Good air quality,,0.89411765,,424.58,PARTS_PER_BILLION,45.39,PARTS_PER_BILLION,19.63,PARTS_PER_BILLION,42.61,MICROGRAMS_PER_CUBIC_METER,17.47,MICROGRAMS_PER_CUBIC_METER,0.77,PARTS_PER_BILLION
86,2024-12-08T04:00:00Z,62,Good air quality,0.70980394,0.8862745,0.11764706,,Good air quality,,0.89411765,,424.17,PARTS_PER_BILLION,49.92,PARTS_PER_BILLION,19.64,PARTS_PER_BILLION,39.3,MICROGRAMS_PER_CUBIC_METER,15.79,MICROGRAMS_PER_CUBIC_METER,0.77,PARTS_PER_BILLION
87,2024-12-08T03:00:00Z,64,Good air quality,0.65882355,0.8666667,0.13725491,,Good air quality,,0.89411765,,180.75,PARTS_PER_BILLION,32.41,PARTS_PER_BILLION,36.49,PARTS_PER_BILLION,40.28,MICROGRAMS_PER_CUBIC_METER,14.56,MICROGRAMS_PER_CUBIC_METER,0.75,PARTS_PER_BILLION
88,2024-12-08T02:00:00Z,69,Good air quality,0.5411765,0.81960785,0.1882353,,Good air quality,,0.89411765,,329.73,PARTS_PER_BILLION,41.2,PARTS_PER_BILLION,28.19,PARTS_PER_BILLION,33.87,MICROGRAMS_PER_CUBIC_METER,16.72,MICROGRAMS_PER_CUBIC_METER,9.47,PARTS_PER_BILLION
89,2024-12-08T01:00:00Z,58,Moderate air quality,0.8039216,0.92156863,0.078431375,,Good air quality,,0.89411765,,1031.07,PARTS_PER_BILLION,56.23,PARTS_PER_BILLION,39.39,PARTS_PER_BILLION,29.38,MICROGRAMS_PER_CUBIC_METER,12.13,MICROGRAMS_PER_CUBIC_METER,13.0,PARTS_PER_BILLION
90,2024-12-08T00:00:00Z,59,Moderate air quality,0.78039217,0.9137255,0.08627451,,Good air quality,,0.89411765,,1074.55,PARTS_PER_BILLION,53.41,PARTS_PER_BILLION,43.92,PARTS_PER_BILLION,22.4,MICROGRAMS_PER_CUBIC_METER,10.27,MICROGRAMS_PER_CUBIC_METER,12.57,PARTS_PER_BILLION
91,2024-12-07T23:00:00Z,54,Moderate air quality,0.9019608,0.9607843,0.039215688,,Acceptable air quality,1.0,1.0,,778.74,PARTS_PER_BILLION,49.29,PARTS_PER_BILLION,58.23,PARTS_PER_BILLION,18.81,MICROGRAMS_PER_CUBIC_METER,10.55,MICROGRAMS_PER_CUBIC_METER,12.89,PARTS_PER_BILLION
92,2024-12-07T22:00:00Z,47,Moderate air quality,1.0,0.92941177,,,Acceptable air quality,1.0,1.0,,777.08,PARTS_PER_BILLION,46.02,PARTS_PER_BILLION,67.23,PARTS_PER_BILLION,19.34,MICROGRAMS_PER_CUBIC_METER,10.6,MICROGRAMS_PER_CUBIC_METER,12.9,PARTS_PER_BILLION
93,2024-12-07T21:00:00Z,52,Moderate air quality,0.9490196,0.98039216,0.019607844,,Acceptable air quality,1.0,1.0,,759.39,PARTS_PER_BILLION,45.15,PARTS_PER_BILLION,60.88,PARTS_PER_BILLION,19.79,MICROGRAMS_PER_CUBIC_METER,19.18,MICROGRAMS_PER_CUBIC_METER,16.15,PARTS_PER_BILLION
94,2024-12-07T20:00:00Z,58,Moderate air quality,0.8039216,0.92156863,0.078431375,,Acceptable air quality,1.0,1.0,,795.12,PARTS_PER_BILLION,53.47,PARTS_PER_BILLION,25.41,PARTS_PER_BILLION,48.2,MICROGRAMS_PER_CUBIC_METER,26.76,MICROGRAMS_PER_CUBIC_METER,16.15,PARTS_PER_BILLION
95,2024-12-07T19:00:00Z,53,Moderate air quality,0.9254902,0.96862745,0.02745098,,Acceptable air quality,1.0,1.0,,831.78,PARTS_PER_BILLION,65.85,PARTS_PER_BILLION,20.31,PARTS_PER_BILLION,58.59,MICROGRAMS_PER_CUBIC_METER,31.23,MICROGRAMS_PER_CUBIC_METER,16.15,PARTS_PER_BILLION
96,2024-12-07T18:00:00Z,52,Moderate air quality,0.9490196,0.98039216,0.019607844,,Acceptable air quality,1.0,1.0,,842.52,PARTS_PER_BILLION,32.63,PARTS_PER_BILLION,13.64,PARTS_PER_BILLION,61.89,MICROGRAMS_PER_CUBIC_METER,32.48,MICROGRAMS_PER_CUBIC_METER,16.15,PARTS_PER_BILLION
97,2024-12-07T17:00:00Z,51,Moderate air quality,0.972549,0.9882353,0.007843138,,Acceptable air quality,1.0,1.0,,304.48,PARTS_PER_BILLION,17.74,PARTS_PER_BILLION,49.58,PARTS_PER_BILLION,33.31,MICROGRAMS_PER_CUBIC_METER,33.31,MICROGRAMS_PER_CUBIC_METER,8.61,PARTS_PER_BILLION
98,2024-12-07T16:00:00Z,57,Moderate air quality,0.827451,0.93333334,0.06666667,,Good air quality,,0.89411765,,383.66,PARTS_PER_BILLION,23.46,PARTS_PER_BILLION,35.8,PARTS_PER_BILLION,32.37,MICROGRAMS_PER_CUBIC_METER,27.29,MICROGRAMS_PER_CUBIC_METER,11.43,PARTS_PER_BILLION
99,2024-12-07T15:00:00Z,64,Good air quality,0.65882355,0.8666667,0.13725491,,Good air quality,,0.89411765,,462.8,PARTS_PER_BILLION,28.32,PARTS_PER_BILLION,22.77,PARTS_PER_BILLION,39.89,MICROGRAMS_PER_CUBIC_METER,22.55,MICROGRAMS_PER_CUBIC_METER,14.14,PARTS_PER_BILLION
100,2024-12-07T14:00:00Z,63,Good air quality,0.6862745,0.8745098,0.12941177,,Good air quality,,0.89411765,,418.8,PARTS_PER_BILLION,26.5,PARTS_PER_BILLION,17.63,PARTS_PER_BILLION,40.95,MICROGRAMS_PER_CUBIC_METER,19.01,MICROGRAMS_PER_CUBIC_METER,12.86,PARTS_PER_BILLION
101,2024-12-07T13:00:00Z,63,Good air quality,0.6862745,0.8745098,0.12941177,,Good air quality,,0.89411765,,379.03,PARTS_PER_BILLION,26.45,PARTS_PER_BILLION,11.83,PARTS_PER_BILLION,34.59,MICROGRAMS_PER_CUBIC_METER,22.87,MICROGRAMS_PER_CUBIC_METER,11.54,PARTS_PER_BILLION
102,2024-12-07T12:00:00Z,69,Good air quality,0.5411765,0.81960785,0.1882353,,Good air quality,,0.89411765,,359.32,PARTS_PER_BILLION,26.24,PARTS_PER_BILLION,7.58,PARTS_PER_BILLION,28.93,MICROGRAMS_PER_CUBIC_METER,18.97,MICROGRAMS_PER_CUBIC_METER,11.33,PARTS_PER_BILLION
103,2024-12-07T11:00:00Z,71,Good air quality,0.49803922,0.8039216,0.2,,Good air quality,,0.89411765,,365.56,PARTS_PER_BILLION,27.37,PARTS_PER_BILLION,7.14,PARTS_PER_BILLION,29.32,MICROGRAMS_PER_CUBIC_METER,18.1,MICROGRAMS_PER_CUBIC_METER,10.57,PARTS_PER_BILLION
104,2024-12-07T10:00:00Z,72,Good air quality,0.48235294,0.79607844,0.2,,Good air quality,,0.89411765,,485.24,PARTS_PER_BILLION,27.07,PARTS_PER_BILLION,2.94,PARTS_PER_BILLION,28.28,MICROGRAMS_PER_CUBIC_METER,17.3,MICROGRAMS_PER_CUBIC_METER,2.71,PARTS_PER_BILLION
105,2024-12-07T09:00:00Z,71,Good air quality,0.49803922,0.8039216,0.2,,Good air quality,,0.89411765,,756.38,PARTS_PER_BILLION,23.3,PARTS_PER_BILLION,17.01,PARTS_PER_BILLION,29.39,MICROGRAMS_PER_CUBIC_METER,17.84,MICROGRAMS_PER_CUBIC_METER,2.72,PARTS_PER_BILLION
106,2024-12-07T08:00:00Z,72,Good air quality,0.48235294,0.79607844,0.2,,Good air quality,,0.89411765,,848.51,PARTS_PER_BILLION,25.5,PARTS_PER_BILLION,15.74,PARTS_PER_BILLION,29.96,MICROGRAMS_PER_CUBIC_METER,17.4,MICROGRAMS_PER_CUBIC_METER,2.72,PARTS_PER_BILLION
107,2024-12-07T07:00:00Z,67,Good air quality,0.5882353,0.8392157,0.16862746,,Good air quality,,0.89411765,,709.81,PARTS_PER_BILLION,26.85,PARTS_PER_BILLION,16.36,PARTS_PER_BILLION,36.56,MICROGRAMS_PER_CUBIC_METER,16.56,MICROGRAMS_PER_CUBIC_METER,2.72,PARTS_PER_BILLION
108,2024-12-07T06:00:00Z,64,Good air quality,0.65882355,0.8666667,0.13725491,,Acceptable air quality,1.0,1.0,,721.74,PARTS_PER_BILLION,39.21,PARTS_PER_BILLION,3.85,PARTS_PER_BILLION,40.32,MICROGRAMS_PER_CUBIC_METER,19.83,MICROGRAMS_PER_CUBIC_METER,2.72,PARTS_PER_BILLION
109,2024-12-07T05:00:00Z,44,Moderate air quality,1.0,0.8627451,,,Poor air quality,1.0,0.49411765,,739.69,PARTS_PER_BILLION,41.81,PARTS_PER_BILLION,45.67,PARTS_PER_BILLION,80.27,MICROGRAMS_PER_CUBIC_METER,40.91,MICROGRAMS_PER_CUBIC_METER,2.72,PARTS_PER_BILLION
110,2024-12-07T04:00:00Z,44,Moderate air quality,1.0,0.8627451,,,Poor air quality,1.0,0.49411765,,777.53,PARTS_PER_BILLION,43.94,PARTS_PER_BILLION,52.13,PARTS_PER_BILLION,80.97,MICROGRAMS_PER_CUBIC_METER,40.94,MICROGRAMS_PER_CUBIC_METER,2.72,PARTS_PER_BILLION
111,2024-12-07T03:00:00Z,43,Moderate air quality,1.0,0.8392157,,,Poor air quality,1.0,0.49411765,,843.82,PARTS_PER_BILLION,65.93,PARTS_PER_BILLION,57.34,PARTS_PER_BILLION,82.87,MICROGRAMS_PER_CUBIC_METER,39.8,MICROGRAMS_PER_CUBIC_METER,2.72,PARTS_PER_BILLION
112,2024-12-07T02:00:00Z,41,Moderate air quality,1.0,0.79607844,,,Poor air quality,1.0,0.49411765,,714.35,PARTS_PER_BILLION,32.2,PARTS_PER_BILLION,72.99,PARTS_PER_BILLION,87.7,MICROGRAMS_PER_CUBIC_METER,19.56,MICROGRAMS_PER_CUBIC_METER,3.66,PARTS_PER_BILLION
113,2024-12-07T01:00:00Z,38,Low air quality,1.0,0.7294118,,,Poor air quality,1.0,0.49411765,,714.35,PARTS_PER_BILLION,51.62,PARTS_PER_BILLION,72.99,PARTS_PER_BILLION,95.74,MICROGRAMS_PER_CUBIC_METER,21.06,MICROGRAMS_PER_CUBIC_METER,3.66,PARTS_PER_BILLION
114,2024-12-07T00:00:00Z,37,Low air quality,1.0,0.7058824,,,Poor air quality,1.0,0.49411765,,733.48,PARTS_PER_BILLION,56.7,PARTS_PER_BILLION,68.07,PARTS_PER_BILLION,104.94,MICROGRAMS_PER_CUBIC_METER,52.86,MICROGRAMS_PER_CUBIC_METER,4.65,PARTS_PER_BILLION
115,2024-12-06T23:00:00Z,46,Moderate air quality,1.0,0.9098039,,,Acceptable air quality,1.0,1.0,,254.09,PARTS_PER_BILLION,15.02,PARTS_PER_BILLION,68.09,PARTS_PER_BILLION,37.87,MICROGRAMS_PER_CUBIC_METER,37.87,MICROGRAMS_PER_CUBIC_METER,5.27,PARTS_PER_BILLION
116,2024-12-06T22:00:00Z,33,Low air quality,1.0,0.6156863,,,Acceptable air quality,1.0,1.0,,634.03,PARTS_PER_BILLION,28.44,PARTS_PER_BILLION,90.51,PARTS_PER_BILLION,38.24,MICROGRAMS_PER_CUBIC_METER,38.24,MICROGRAMS_PER_CUBIC_METER,11.92,PARTS_PER_BILLION
117,2024-12-06T21:00:00Z,36,Low air quality,1.0,0.68235296,,,Poor air quality,1.0,0.49411765,,618.33,PARTS_PER_BILLION,29.21,PARTS_PER_BILLION,83.56,PARTS_PER_BILLION,48.93,MICROGRAMS_PER_CUBIC_METER,48.93,MICROGRAMS_PER_CUBIC_METER,11.79,PARTS_PER_BILLION
118,2024-12-06T20:00:00Z,36,Low air quality,1.0,0.68235296,,,Poor air quality,1.0,0.49411765,,236.77,PARTS_PER_BILLION,31.26,PARTS_PER_BILLION,70.18,PARTS_PER_BILLION,55.09,MICROGRAMS_PER_CUBIC_METER,55.09,MICROGRAMS_PER_CUBIC_METER,11.83,PARTS_PER_BILLION
119,2024-12-06T19:00:00Z,37,Low air quality,1.0,0.7058824,,,Poor air quality,1.0,0.49411765,,253.05,PARTS_PER_BILLION,40.16,PARTS_PER_BILLION,51.8,PARTS_PER_BILLION,51.73,MICROGRAMS_PER_CUBIC_METER,51.73,MICROGRAMS_PER_CUBIC_METER,12.86,PARTS_PER_BILLION
120,2024-12-06T18:00:00Z,37,Low air quality,1.0,0.7058824,,,Acceptable air quality,1.0,1.0,,278.78,PARTS_PER_BILLION,57.99,PARTS_PER_BILLION,32.09,PARTS_PER_BILLION,51.66,MICROGRAMS_PER_CUBIC_METER,51.66,MICROGRAMS_PER_CUBIC_METER,14.47,PARTS_PER_BILLION
121,2024-12-06T17:00:00Z,53,Moderate air quality,0.9254902,0.96862745,0.02745098,,Acceptable air quality,1.0,1.0,,378.77,PARTS_PER_BILLION,58.09,PARTS_PER_BILLION,7.04,PARTS_PER_BILLION,49.24,MICROGRAMS_PER_CUBIC_METER,31.04,MICROGRAMS_PER_CUBIC_METER,14.47,PARTS_PER_BILLION
122,2024-12-06T16:00:00Z,55,Moderate air quality,0.8784314,0.9529412,0.047058824,,Acceptable air quality,1.0,1.0,,207.79,PARTS_PER_BILLION,31.98,PARTS_PER_BILLION,1.7,PARTS_PER_BILLION,48.14,MICROGRAMS_PER_CUBIC_METER,29.8,MICROGRAMS_PER_CUBIC_METER,14.47,PARTS_PER_BILLION
123,2024-12-06T15:00:00Z,55,Moderate air quality,0.8784314,0.9529412,0.047058824,,Acceptable air quality,1.0,1.0,,207.79,PARTS_PER_BILLION,36.11,PARTS_PER_BILLION,1.7,PARTS_PER_BILLION,47.54,MICROGRAMS_PER_CUBIC_METER,29.06,MICROGRAMS_PER_CUBIC_METER,14.47,PARTS_PER_BILLION
124,2024-12-06T14:00:00Z,55,Moderate air quality,0.8784314,0.9529412,0.047058824,,Acceptable air quality,1.0,1.0,,163.62,PARTS_PER_BILLION,30.71,PARTS_PER_BILLION,3.51,PARTS_PER_BILLION,43.08,MICROGRAMS_PER_CUBIC_METER,29.05,MICROGRAMS_PER_CUBIC_METER,13.75,PARTS_PER_BILLION
125,2024-12-06T13:00:00Z,60,Good air quality,0.75686276,0.90588236,0.09803922,,Good air quality,,0.89411765,,550.47,PARTS_PER_BILLION,31.41,PARTS_PER_BILLION,1.2,PARTS_PER_BILLION,34.96,MICROGRAMS_PER_CUBIC_METER,24.67,MICROGRAMS_PER_CUBIC_METER,11.54,PARTS_PER_BILLION
126,2024-12-06T12:00:00Z,61,Good air quality,0.73333335,0.89411765,0.10980392,,Good air quality,,0.89411765,,604.04,PARTS_PER_BILLION,29.26,PARTS_PER_BILLION,15.19,PARTS_PER_BILLION,37.54,MICROGRAMS_PER_CUBIC_METER,24.19,MICROGRAMS_PER_CUBIC_METER,12.24,PARTS_PER_BILLION
127,2024-12-06T11:00:00Z,61,Good air quality,0.73333335,0.89411765,0.10980392,,Good air quality,,0.89411765,,515.92,PARTS_PER_BILLION,32.36,PARTS_PER_BILLION,5.6,PARTS_PER_BILLION,43.78,MICROGRAMS_PER_CUBIC_METER,22.83,MICROGRAMS_PER_CUBIC_METER,13.08,PARTS_PER_BILLION
128,2024-12-06T10:00:00Z,59,Moderate air quality,0.78039217,0.9137255,0.08627451,,Good air quality,,0.89411765,,556.07,PARTS_PER_BILLION,33.74,PARTS_PER_BILLION,4.98,PARTS_PER_BILLION,47.2,MICROGRAMS_PER_CUBIC_METER,22.96,MICROGRAMS_PER_CUBIC_METER,14.15,PARTS_PER_BILLION
129,2024-12-06T09:00:00Z,58,Moderate air quality,0.8039216,0.92156863,0.078431375,,Acceptable air quality,1.0,1.0,,597.47,PARTS_PER_BILLION,35.29,PARTS_PER_BILLION,4.37,PARTS_PER_BILLION,49.08,MICROGRAMS_PER_CUBIC_METER,17.9,MICROGRAMS_PER_CUBIC_METER,4.23,PARTS_PER_BILLION
130,2024-12-06T08:00:00Z,58,Moderate air quality,0.8039216,0.92156863,0.078431375,,Acceptable air quality,1.0,1.0,,603.1,PARTS_PER_BILLION,38.07,PARTS_PER_BILLION,4.4,PARTS_PER_BILLION,49.05,MICROGRAMS_PER_CUBIC_METER,17.14,MICROGRAMS_PER_CUBIC_METER,4.27,PARTS_PER_BILLION
131,2024-12-06T07:00:00Z,56,Moderate air quality,0.85490197,0.9411765,0.05882353,,Acceptable air quality,1.0,1.0,,730.22,PARTS_PER_BILLION,41.33,PARTS_PER_BILLION,4.44,PARTS_PER_BILLION,53.49,MICROGRAMS_PER_CUBIC_METER,17.08,MICROGRAMS_PER_CUBIC_METER,4.27,PARTS_PER_BILLION
132,2024-12-06T06:00:00Z,55,Moderate air quality,0.8784314,0.9529412,0.047058824,,Acceptable air quality,1.0,1.0,,730.64,PARTS_PER_BILLION,47.78,PARTS_PER_BILLION,4.5,PARTS_PER_BILLION,55.54,MICROGRAMS_PER_CUBIC_METER,18.05,MICROGRAMS_PER_CUBIC_METER,4.27,PARTS_PER_BILLION
133,2024-12-06T05:00:00Z,56,Moderate air quality,0.85490197,0.9411765,0.05882353,,Acceptable air quality,1.0,1.0,,730.64,PARTS_PER_BILLION,49.84,PARTS_PER_BILLION,7.75,PARTS_PER_BILLION,53.95,MICROGRAMS_PER_CUBIC_METER,18.38,MICROGRAMS_PER_CUBIC_METER,4.27,PARTS_PER_BILLION
134,2024-12-06T04:00:00Z,31,Low air quality,1.0,0.5686275,,,Poor air quality,1.0,0.49411765,,730.64,PARTS_PER_BILLION,46.1,PARTS_PER_BILLION,96.11,PARTS_PER_BILLION,74.05,MICROGRAMS_PER_CUBIC_METER,36.46,MICROGRAMS_PER_CUBIC_METER,4.27,PARTS_PER_BILLION
135,2024-12-06T03:00:00Z,31,Low air quality,1.0,0.5686275,,,Poor air quality,1.0,0.49411765,,730.64,PARTS_PER_BILLION,49.24,PARTS_PER_BILLION,96.09,PARTS_PER_BILLION,71.82,MICROGRAMS_PER_CUBIC_METER,37.34,MICROGRAMS_PER_CUBIC_METER,4.27,PARTS_PER_BILLION
136,2024-12-06T02:00:00Z,46,Moderate air quality,1.0,0.9098039,,,Acceptable air quality,1.0,1.0,,927.92,PARTS_PER_BILLION,49.6,PARTS_PER_BILLION,36.99,PARTS_PER_BILLION,70.52,MICROGRAMS_PER_CUBIC_METER,38.74,MICROGRAMS_PER_CUBIC_METER,4.27,PARTS_PER_BILLION
137,2024-12-06T01:00:00Z,46,Moderate air quality,1.0,0.9098039,,,Acceptable air quality,1.0,1.0,,871.6,PARTS_PER_BILLION,52.16,PARTS_PER_BILLION,37.65,PARTS_PER_BILLION,72.4,MICROGRAMS_PER_CUBIC_METER,38.29,MICROGRAMS_PER_CUBIC_METER,4.94,PARTS_PER_BILLION
138,2024-12-06T00:00:00Z,50,Moderate air quality,1.0,1.0,,,Acceptable air quality,1.0,1.0,,1389.49,PARTS_PER_BILLION,45.02,PARTS_PER_BILLION,47.13,PARTS_PER_BILLION,64.44,MICROGRAMS_PER_CUBIC_METER,34.24,MICROGRAMS_PER_CUBIC_METER,5.81,PARTS_PER_BILLION
139,2024-12-05T23:00:00Z,48,Moderate air quality,1.0,0.9529412,,,Acceptable air quality,1.0,1.0,,256.68,PARTS_PER_BILLION,15.51,PARTS_PER_BILLION,64.76,PARTS_PER_BILLION,31.72,MICROGRAMS_PER_CUBIC_METER,31.72,MICROGRAMS_PER_CUBIC_METER,6.84,PARTS_PER_BILLION
140,2024-12-05T22:00:00Z,42,Moderate air quality,1.0,0.81960785,,,Acceptable air quality,1.0,1.0,,233.7,PARTS_PER_BILLION,11.98,PARTS_PER_BILLION,73.15,PARTS_PER_BILLION,31.41,MICROGRAMS_PER_CUBIC_METER,31.41,MICROGRAMS_PER_CUBIC_METER,7.22,PARTS_PER_BILLION
141,2024-12-05T21:00:00Z,37,Low air quality,1.0,0.7058824,,,Acceptable air quality,1.0,1.0,,210.09,PARTS_PER_BILLION,10.78,PARTS_PER_BILLION,81.03,PARTS_PER_BILLION,31.93,MICROGRAMS_PER_CUBIC_METER,31.93,MICROGRAMS_PER_CUBIC_METER,7.6,PARTS_PER_BILLION
142,2024-12-05T20:00:00Z,39,Low air quality,1.0,0.7490196,,,Acceptable air quality,1.0,1.0,,219.93,PARTS_PER_BILLION,10.07,PARTS_PER_BILLION,76.83,PARTS_PER_BILLION,30.38,MICROGRAMS_PER_CUBIC_METER,21.98,MICROGRAMS_PER_CUBIC_METER,9.22,PARTS_PER_BILLION
143,2024-12-05T19:00:00Z,43,Moderate air quality,1.0,0.8392157,,,Acceptable air quality,1.0,1.0,,228.8,PARTS_PER_BILLION,12.57,PARTS_PER_BILLION,72.09,PARTS_PER_BILLION,31.68,MICROGRAMS_PER_CUBIC_METER,17.0,MICROGRAMS_PER_CUBIC_METER,10.78,PARTS_PER_BILLION
144,2024-12-05T18:00:00Z,46,Moderate air quality,1.0,0.9098039,,,Acceptable air quality,1.0,1.0,,237.63,PARTS_PER_BILLION,14.56,PARTS_PER_BILLION,67.47,PARTS_PER_BILLION,36.29,MICROGRAMS_PER_CUBIC_METER,20.02,MICROGRAMS_PER_CUBIC_METER,12.35,PARTS_PER_BILLION
145,2024-12-05T17:00:00Z,53,Moderate air quality,0.9254902,0.96862745,0.02745098,,Acceptable air quality,1.0,1.0,,362.83,PARTS_PER_BILLION,24.63,PARTS_PER_BILLION,53.55,PARTS_PER_BILLION,42.68,MICROGRAMS_PER_CUBIC_METER,31.66,MICROGRAMS_PER_CUBIC_METER,15.88,PARTS_PER_BILLION
146,2024-12-05T16:00:00Z,57,Moderate air quality,0.827451,0.93333334,0.06666667,,Good air quality,,0.89411765,,493.1,PARTS_PER_BILLION,32.57,PARTS_PER_BILLION,39.5,PARTS_PER_BILLION,49.62,MICROGRAMS_PER_CUBIC_METER,26.27,MICROGRAMS_PER_CUBIC_METER,19.4,PARTS_PER_BILLION
147,2024-12-05T15:00:00Z,57,Moderate air quality,0.827451,0.93333334,0.06666667,,Good air quality,,0.89411765,,624.06,PARTS_PER_BILLION,42.56,PARTS_PER_BILLION,25.81,PARTS_PER_BILLION,50.76,MICROGRAMS_PER_CUBIC_METER,23.72,MICROGRAMS_PER_CUBIC_METER,22.92,PARTS_PER_BILLION
148,2024-12-05T14:00:00Z,57,Moderate air quality,0.827451,0.93333334,0.06666667,,Good air quality,,0.89411765,,635.71,PARTS_PER_BILLION,41.88,PARTS_PER_BILLION,18.26,PARTS_PER_BILLION,39.87,MICROGRAMS_PER_CUBIC_METER,27.36,MICROGRAMS_PER_CUBIC_METER,20.26,PARTS_PER_BILLION
149,2024-12-05T13:00:00Z,56,Moderate air quality,0.85490197,0.9411765,0.05882353,,Acceptable air quality,1.0,1.0,,654.85,PARTS_PER_BILLION,40.83,PARTS_PER_BILLION,10.48,PARTS_PER_BILLION,53.49,MICROGRAMS_PER_CUBIC_METER,23.14,MICROGRAMS_PER_CUBIC_METER,17.6,PARTS_PER_BILLION
150,2024-12-05T12:00:00Z,56,Moderate air quality,0.85490197,0.9411765,0.05882353,,Acceptable air quality,1.0,1.0,,640.19,PARTS_PER_BILLION,36.66,PARTS_PER_BILLION,2.38,PARTS_PER_BILLION,53.89,MICROGRAMS_PER_CUBIC_METER,21.76,MICROGRAMS_PER_CUBIC_METER,14.17,PARTS_PER_BILLION
151,2024-12-05T11:00:00Z,55,Moderate air quality,0.8784314,0.9529412,0.047058824,,Acceptable air quality,1.0,1.0,,938.26,PARTS_PER_BILLION,32.31,PARTS_PER_BILLION,1.72,PARTS_PER_BILLION,54.89,MICROGRAMS_PER_CUBIC_METER,20.95,MICROGRAMS_PER_CUBIC_METER,3.03,PARTS_PER_BILLION
152,2024-12-05T10:00:00Z,55,Moderate air quality,0.8784314,0.9529412,0.047058824,,Acceptable air quality,1.0,1.0,,668.04,PARTS_PER_BILLION,31.56,PARTS_PER_BILLION,3.96,PARTS_PER_BILLION,56.06,MICROGRAMS_PER_CUBIC_METER,19.91,MICROGRAMS_PER_CUBIC_METER,5.24,PARTS_PER_BILLION
153,2024-12-05T09:00:00Z,55,Moderate air quality,0.8784314,0.9529412,0.047058824,,Acceptable air quality,1.0,1.0,,707.71,PARTS_PER_BILLION,33.74,PARTS_PER_BILLION,2.96,PARTS_PER_BILLION,56.02,MICROGRAMS_PER_CUBIC_METER,17.15,MICROGRAMS_PER_CUBIC_METER,5.62,PARTS_PER_BILLION
154,2024-12-05T08:00:00Z,63,Good air quality,0.6862745,0.8745098,0.12941177,,Acceptable air quality,1.0,1.0,,1010.87,PARTS_PER_BILLION,13.13,PARTS_PER_BILLION,18.87,PARTS_PER_BILLION,40.76,MICROGRAMS_PER_CUBIC_METER,19.59,MICROGRAMS_PER_CUBIC_METER,1.12,PARTS_PER_BILLION
155,2024-12-05T07:00:00Z,62,Good air quality,0.70980394,0.8862745,0.11764706,,Acceptable air quality,1.0,1.0,,1010.87,PARTS_PER_BILLION,45.07,PARTS_PER_BILLION,3.62,PARTS_PER_BILLION,42.21,MICROGRAMS_PER_CUBIC_METER,18.56,MICROGRAMS_PER_CUBIC_METER,1.12,PARTS_PER_BILLION
156,2024-12-05T06:00:00Z,39,Low air quality,1.0,0.7490196,,,Poor air quality,1.0,0.49411765,,1010.87,PARTS_PER_BILLION,52.48,PARTS_PER_BILLION,23.88,PARTS_PER_BILLION,89.74,MICROGRAMS_PER_CUBIC_METER,47.13,MICROGRAMS_PER_CUBIC_METER,1.12,PARTS_PER_BILLION
157,2024-12-05T05:00:00Z,39,Low air quality,1.0,0.7490196,,,Acceptable air quality,1.0,1.0,,1010.87,PARTS_PER_BILLION,50.13,PARTS_PER_BILLION,23.88,PARTS_PER_BILLION,88.03,MICROGRAMS_PER_CUBIC_METER,45.99,MICROGRAMS_PER_CUBIC_METER,1.12,PARTS_PER_BILLION
158,2024-12-05T04:00:00Z,39,Low air quality,1.0,0.7490196,,,Acceptable air quality,1.0,1.0,,1010.87,PARTS_PER_BILLION,58.55,PARTS_PER_BILLION,23.88,PARTS_PER_BILLION,86.44,MICROGRAMS_PER_CUBIC_METER,46.25,MICROGRAMS_PER_CUBIC_METER,1.12,PARTS_PER_BILLION
159,2024-12-05T03:00:00Z,61,Good air quality,0.73333335,0.89411765,0.10980392,,Acceptable air quality,1.0,1.0,,438.61,PARTS_PER_BILLION,45.17,PARTS_PER_BILLION,19.22,PARTS_PER_BILLION,42.88,MICROGRAMS_PER_CUBIC_METER,18.44,MICROGRAMS_PER_CUBIC_METER,11.99,PARTS_PER_BILLION
160,2024-12-05T02:00:00Z,66,Good air quality,0.6117647,0.84705883,0.15686275,,Acceptable air quality,1.0,1.0,,383.61,PARTS_PER_BILLION,36.16,PARTS_PER_BILLION,31.44,PARTS_PER_BILLION,34.81,MICROGRAMS_PER_CUBIC_METER,21.21,MICROGRAMS_PER_CUBIC_METER,10.57,PARTS_PER_BILLION
161,2024-12-05T01:00:00Z,53,Moderate air quality,0.9254902,0.96862745,0.02745098,,Acceptable air quality,1.0,1.0,,320.88,PARTS_PER_BILLION,28.54,PARTS_PER_BILLION,43.06,PARTS_PER_BILLION,31.84,MICROGRAMS_PER_CUBIC_METER,31.84,MICROGRAMS_PER_CUBIC_METER,9.04,PARTS_PER_BILLION
162,2024-12-05T00:00:00Z,46,Moderate air quality,1.0,0.9098039,,,Acceptable air quality,1.0,1.0,,252.63,PARTS_PER_BILLION,22.16,PARTS_PER_BILLION,57.15,PARTS_PER_BILLION,38.7,MICROGRAMS_PER_CUBIC_METER,38.7,MICROGRAMS_PER_CUBIC_METER,6.37,PARTS_PER_BILLION
163,2024-12-04T23:00:00Z,46,Moderate air quality,1.0,0.9098039,,,Acceptable air quality,1.0,1.0,,238.41,PARTS_PER_BILLION,17.0,PARTS_PER_BILLION,63.32,PARTS_PER_BILLION,38.14,MICROGRAMS_PER_CUBIC_METER,38.14,MICROGRAMS_PER_CUBIC_METER,2.16,PARTS_PER_BILLION
164,2024-12-04T22:00:00Z,45,Moderate air quality,1.0,0.8862745,,,Acceptable air quality,1.0,1.0,,224.6,PARTS_PER_BILLION,12.43,PARTS_PER_BILLION,69.32,PARTS_PER_BILLION,28.71,MICROGRAMS_PER_CUBIC_METER,28.71,MICROGRAMS_PER_CUBIC_METER,2.16,PARTS_PER_BILLION
165,2024-12-04T21:00:00Z,40,Moderate air quality,1.0,0.77254903,,,Acceptable air quality,1.0,1.0,,1437.92,PARTS_PER_BILLION,11.74,PARTS_PER_BILLION,75.17,PARTS_PER_BILLION,28.54,MICROGRAMS_PER_CUBIC_METER,28.54,MICROGRAMS_PER_CUBIC_METER,2.16,PARTS_PER_BILLION
166,2024-12-04T20:00:00Z,45,Moderate air quality,1.0,0.8862745,,,Acceptable air quality,1.0,1.0,,1417.6,PARTS_PER_BILLION,12.97,PARTS_PER_BILLION,69.05,PARTS_PER_BILLION,33.48,MICROGRAMS_PER_CUBIC_METER,33.48,MICROGRAMS_PER_CUBIC_METER,2.16,PARTS_PER_BILLION
167,2024-12-04T19:00:00Z,47,Moderate air quality,1.0,0.92941177,,,Acceptable air quality,1.0,1.0,,1417.6,PARTS_PER_BILLION,13.38,PARTS_PER_BILLION,62.21,PARTS_PER_BILLION,37.68,MICROGRAMS_PER_CUBIC_METER,37.68,MICROGRAMS_PER_CUBIC_METER,2.16,PARTS_PER_BILLION
